,gene1,gene2,result
0,G:HGNC:6524,G:HGNC:6193,"Meta path:['GDpDG', 'GPdPG', 'GTG', 'GMG'], rank is 1 and total rank is 6"
1,G:HGNC:9314,G:HGNC:15566,"Meta path:['GTG'], rank is 125 and total rank is 578"
2,G:HGNC:9036,G:HGNC:9038,"Meta path:['GTG'], rank is 17 and total rank is 371"
3,G:HGNC:7643,G:HGNC:26274,"Meta path:['GPdPG'], rank is 1 and total rank is 3"
4,G:HGNC:24791,G:HGNC:17825,"Meta path:['GTG'], rank is 18 and total rank is 413"
5,G:HGNC:8905,G:HGNC:8906,"Meta path:['GTG'], rank is 1 and total rank is 450"
6,G:HGNC:3763,G:HGNC:3387,"Meta path:['GPdPG'], rank is 30 and total rank is 62"
7,G:HGNC:8590,G:HGNC:9381,"Meta path:['GPdPG'], rank is 2 and total rank is 38"
8,G:HGNC:815,G:HGNC:13211,"Meta path:['GTG'], rank is 11 and total rank is 455"
9,G:HGNC:9299,G:HGNC:9304,"Meta path:['GPdPG', 'GTG', 'GMDMG', 'GMDpDMG'], rank is 5 and total rank is 13"
10,G:HGNC:30488,G:HGNC:19877,"Meta path:['GTG'], rank is 6 and total rank is 234"
11,G:HGNC:13480,G:HGNC:9395,"Meta path:['GTG'], rank is 191 and total rank is 627"
12,G:HGNC:8885,G:HGNC:8887,"Meta path:['GTG'], rank is 1 and total rank is 154"
13,G:HGNC:21531,G:HGNC:19873,"Meta path:['GTG'], rank is 4 and total rank is 208"
14,G:HGNC:393,G:HGNC:2460,"Meta path:['GTG'], rank is 240 and total rank is 643"
15,G:HGNC:476,G:HGNC:475,"Meta path:['GPG'], rank is 1 and total rank is 1"
16,G:HGNC:17820,G:HGNC:8022,"Meta path:['GTG'], rank is 13 and total rank is 299"
17,G:HGNC:9410,G:HGNC:16254,"Meta path:['GPdPG'], rank is 7 and total rank is 51"
18,G:HGNC:2269,G:HGNC:2288,"Meta path:['GTG'], rank is 56 and total rank is 234"
19,G:HGNC:9276,G:HGNC:25415,"Meta path:['GTG'], rank is 31 and total rank is 379"
20,G:HGNC:22316,G:HGNC:18126,"Meta path:['GTG'], rank is 54 and total rank is 379"
21,G:HGNC:24791,G:HGNC:18555,"Meta path:['GTG'], rank is 34 and total rank is 278"
22,G:HGNC:9286,G:HGNC:9305,"Meta path:['GTG'], rank is 99 and total rank is 316"
23,G:HGNC:8590,G:HGNC:11399,"Meta path:['GPdPG'], rank is 1 and total rank is 27"
24,G:HGNC:9288,G:HGNC:9303,"Meta path:['GTG', 'GMG'], rank is 33 and total rank is 3084"
25,G:HGNC:29149,G:HGNC:9276,"Meta path:['GTG'], rank is 24 and total rank is 411"
26,G:HGNC:16890,G:HGNC:9288,"Meta path:['GTG'], rank is 110 and total rank is 336"
27,G:HGNC:9288,G:HGNC:9287,"Meta path:['GTG'], rank is 75 and total rank is 439"
28,G:HGNC:9410,G:HGNC:11399,"Meta path:['GPdPG'], rank is 7 and total rank is 51"
29,G:HGNC:25135,G:HGNC:22316,"Meta path:['GTG'], rank is 23 and total rank is 406"
30,G:HGNC:10481,G:HGNC:3657,"Meta path:['GTG'], rank is 193 and total rank is 591"
31,G:HGNC:22140,G:HGNC:30045,"Meta path:['GTG'], rank is 205 and total rank is 536"
32,G:HGNC:18133,G:HGNC:30045,"Meta path:['GTG'], rank is 65 and total rank is 568"
33,G:HGNC:6560,G:HGNC:9974,"Meta path:['GTG'], rank is 2 and total rank is 235"
34,G:HGNC:9278,G:HGNC:9314,"Meta path:['GTG'], rank is 137 and total rank is 582"
35,G:HGNC:7680,G:HGNC:7682,"Meta path:['GTG'], rank is 5 and total rank is 279"
36,G:HGNC:24175,G:HGNC:9640,"Meta path:['GTG', 'GMG', 'GMDMG'], rank is 1 and total rank is 7057"
37,G:HGNC:15993,G:HGNC:6938,"Meta path:['GTG'], rank is 23 and total rank is 192"
38,G:HGNC:23133,G:HGNC:29830,"Meta path:['GTG'], rank is 197 and total rank is 418"
39,G:HGNC:6190,G:HGNC:2731,"Meta path:['GPdPG'], rank is 11 and total rank is 43"
40,G:HGNC:11408,G:HGNC:8591,"Meta path:['GTG', 'GMDpDMG'], rank is 18 and total rank is 13635"
41,G:HGNC:13536,G:HGNC:3706,"Meta path:['GTG'], rank is 24 and total rank is 415"
42,G:HGNC:7462,G:HGNC:7717,"Meta path:['GPdPG'], rank is 1 and total rank is 15"
43,G:HGNC:9402,G:HGNC:392,"Meta path:['GTG'], rank is 156 and total rank is 626"
44,G:HGNC:9304,G:HGNC:9300,"Meta path:['GTG'], rank is 14 and total rank is 407"
45,G:HGNC:17726,G:HGNC:18126,"Meta path:['GTG'], rank is 24 and total rank is 376"
46,G:HGNC:8956,G:HGNC:33882,"Meta path:['GTG', 'GMG'], rank is 1 and total rank is 1499"
47,G:HGNC:4236,G:HGNC:30249,"Meta path:['GTG', 'GMG'], rank is 8 and total rank is 2631"
48,G:HGNC:6863,G:HGNC:1985,"Meta path:['GPdPG'], rank is 1 and total rank is 27"
49,G:HGNC:14269,G:HGNC:23317,"Meta path:['GTG'], rank is 5 and total rank is 204"
50,G:HGNC:9038,G:HGNC:13414,"Meta path:['GTG'], rank is 4 and total rank is 339"
51,G:HGNC:437,G:HGNC:438,"Meta path:['GTG'], rank is 10 and total rank is 387"
52,G:HGNC:9381,G:HGNC:9402,"Meta path:['GPdPG'], rank is 4 and total rank is 38"
53,G:HGNC:20785,G:HGNC:9317,"Meta path:['GTG'], rank is 144 and total rank is 343"
54,G:HGNC:18133,G:HGNC:11842,"Meta path:['GPdPG'], rank is 1 and total rank is 27"
55,G:HGNC:4627,G:HGNC:4632,"Meta path:['GPdPG'], rank is 6 and total rank is 21"
56,G:HGNC:17927,G:HGNC:20944,"Meta path:['GTG'], rank is 9 and total rank is 422"
57,G:HGNC:4125,G:HGNC:4126,"Meta path:['GTG'], rank is 1 and total rank is 331"
58,G:HGNC:3763,G:HGNC:3393,"Meta path:['GPdPG'], rank is 32 and total rank is 61"
59,G:HGNC:813,G:HGNC:812,"Meta path:['GTG'], rank is 9 and total rank is 500"
60,G:HGNC:3391,G:HGNC:3763,"Meta path:['GTG'], rank is 18 and total rank is 523"
61,G:HGNC:9302,G:HGNC:28110,"Meta path:['GTG'], rank is 119 and total rank is 550"
62,G:HGNC:7462,G:HGNC:7456,"Meta path:['GPdPG'], rank is 1 and total rank is 15"
63,G:HGNC:10481,G:HGNC:12434,"Meta path:['GTG', 'GMDpDMG'], rank is 99 and total rank is 11169"
64,G:HGNC:9381,G:HGNC:392,"Meta path:['GTG'], rank is 100 and total rank is 622"
65,G:HGNC:9870,G:HGNC:21406,"Meta path:['GDpDpDG', 'GTG', 'GMDMG', 'GMDpDMG'], rank is 6 and total rank is 2188"
66,G:HGNC:10251,G:HGNC:13480,"Meta path:['GTG'], rank is 226 and total rank is 729"
67,G:HGNC:4125,G:HGNC:23233,"Meta path:['GTG'], rank is 15 and total rank is 323"
68,G:HGNC:9288,G:HGNC:9275,"Meta path:['GTG'], rank is 328 and total rank is 470"
69,G:HGNC:1863,G:HGNC:26459,"Meta path:['GTG'], rank is 7 and total rank is 251"
70,G:HGNC:13480,G:HGNC:392,"Meta path:['GTG'], rank is 157 and total rank is 585"
71,G:HGNC:851,G:HGNC:854,"Meta path:['GTG'], rank is 1 and total rank is 458"
72,G:HGNC:4637,G:HGNC:4634,"Meta path:['GPdPG'], rank is 4 and total rank is 19"
73,G:HGNC:8957,G:HGNC:3046,"Meta path:['GDpDG', 'GTG', 'GMDMG'], rank is 1 and total rank is 778"
74,G:HGNC:9402,G:HGNC:1985,"Meta path:['GPdPG'], rank is 3 and total rank is 44"
75,G:HGNC:391,G:HGNC:9395,"Meta path:['GPdPG'], rank is 15 and total rank is 47"
76,G:HGNC:9031,G:HGNC:17825,"Meta path:['GTG'], rank is 16 and total rank is 429"
77,G:HGNC:2730,G:HGNC:2444,"Meta path:['GPdPG'], rank is 7 and total rank is 44"
78,G:HGNC:13538,G:HGNC:392,"Meta path:['GTG'], rank is 236 and total rank is 626"
79,G:HGNC:7849,G:HGNC:7851,"Meta path:['GTG'], rank is 25 and total rank is 576"
80,G:HGNC:13538,G:HGNC:6849,"Meta path:['GPdPG'], rank is 1 and total rank is 27"
81,G:HGNC:9416,G:HGNC:2933,"Meta path:['GTG'], rank is 49 and total rank is 464"
82,G:HGNC:6524,G:HGNC:3393,"Meta path:['GPdPG'], rank is 10 and total rank is 54"
83,G:HGNC:9253,G:HGNC:9256,"Meta path:['GPdPG'], rank is 11 and total rank is 32"
84,G:HGNC:7715,G:HGNC:7716,"Meta path:['GPdPG'], rank is 1 and total rank is 15"
85,G:HGNC:18485,G:HGNC:16352,"Meta path:['GTG'], rank is 6 and total rank is 237"
86,G:HGNC:13480,G:HGNC:11842,"Meta path:['GPdPG'], rank is 1 and total rank is 27"
87,G:HGNC:6560,G:HGNC:7038,"Meta path:['GTG'], rank is 3 and total rank is 212"
88,G:HGNC:7015,G:HGNC:7020,"Meta path:['GTG'], rank is 1 and total rank is 336"
89,G:HGNC:9299,G:HGNC:28110,"Meta path:['GTG'], rank is 105 and total rank is 518"
90,G:HGNC:18133,G:HGNC:16254,"Meta path:['GPdPG'], rank is 1 and total rank is 27"
91,G:HGNC:9157,G:HGNC:9155,"Meta path:['GMG'], rank is 3 and total rank is 188"
92,G:HGNC:33437,G:HGNC:16906,"Meta path:['GTG'], rank is 18 and total rank is 380"
93,G:HGNC:9278,G:HGNC:9316,"Meta path:['GTG'], rank is 44 and total rank is 427"
94,G:HGNC:4632,G:HGNC:4635,"Meta path:['GTG'], rank is 2 and total rank is 433"
95,G:HGNC:28110,G:HGNC:9305,"Meta path:['GTG'], rank is 46 and total rank is 338"
96,G:HGNC:2529,G:HGNC:2530,"Meta path:['GTG'], rank is 23 and total rank is 431"
97,G:HGNC:2279,G:HGNC:2285,"Meta path:['GPdPG'], rank is 1 and total rank is 11"
98,G:HGNC:21531,G:HGNC:4130,"Meta path:['GTG'], rank is 2 and total rank is 222"
99,G:HGNC:2730,G:HGNC:2731,"Meta path:['GTG'], rank is 1 and total rank is 542"
100,G:HGNC:9286,G:HGNC:9304,"Meta path:['GTG'], rank is 154 and total rank is 349"
101,G:HGNC:20944,G:HGNC:28407,"Meta path:['GTG'], rank is 6 and total rank is 404"
102,G:HGNC:19318,G:HGNC:19317,"Meta path:['GPdPG'], rank is 1 and total rank is 12"
103,G:HGNC:4123,G:HGNC:23242,"Meta path:['GTG'], rank is 13 and total rank is 319"
104,G:HGNC:25891,G:HGNC:29834,"Meta path:['GTG'], rank is 32 and total rank is 224"
105,G:HGNC:9038,G:HGNC:9039,"Meta path:['GTG'], rank is 40 and total rank is 386"
106,G:HGNC:3512,G:HGNC:3513,"Meta path:['GTG'], rank is 1 and total rank is 450"
107,G:HGNC:6076,G:HGNC:33882,"Meta path:['GTG', 'GMG'], rank is 5 and total rank is 1776"
108,G:HGNC:19662,G:HGNC:4642,"Meta path:['GTG'], rank is 4 and total rank is 225"
109,G:HGNC:22140,G:HGNC:9407,"Meta path:['GDpDpDG', 'GTG'], rank is 98 and total rank is 5023"
110,G:HGNC:9081,G:HGNC:9082,"Meta path:['GTG'], rank is 1 and total rank is 274"
111,G:HGNC:1133,G:HGNC:3955,"Meta path:['GPdPG'], rank is 6 and total rank is 47"
112,G:HGNC:391,G:HGNC:9441,"Meta path:['GTG'], rank is 418 and total rank is 1033"
113,G:HGNC:9416,G:HGNC:1985,"Meta path:['GPdPG'], rank is 1 and total rank is 27"
114,G:HGNC:9278,G:HGNC:9304,"Meta path:['GTG'], rank is 55 and total rank is 433"
115,G:HGNC:2595,G:HGNC:2596,"Meta path:['GTG'], rank is 6 and total rank is 475"
116,G:HGNC:30488,G:HGNC:4126,"Meta path:['GTG', 'GMDMG'], rank is 10 and total rank is 5058"
117,G:HGNC:9278,G:HGNC:28110,"Meta path:['GTG'], rank is 13 and total rank is 409"
118,G:HGNC:2269,G:HGNC:2267,"Meta path:['GPdPG'], rank is 1 and total rank is 11"
119,G:HGNC:362,G:HGNC:26526,"Meta path:['GPdPG'], rank is 2 and total rank is 8"
120,G:HGNC:16381,G:HGNC:9300,"Meta path:['GTG'], rank is 59 and total rank is 372"
121,G:HGNC:16381,G:HGNC:9288,"Meta path:['GMDpDMG'], rank is 2416 and total rank is 6124"
122,G:HGNC:9278,G:HGNC:9275,"Meta path:['GTG'], rank is 15 and total rank is 505"
123,G:HGNC:7455,G:HGNC:7458,"Meta path:['GDpDpDG', 'GTG'], rank is 5 and total rank is 4735"
124,G:HGNC:29569,G:HGNC:37216,"Meta path:['GTG'], rank is 1 and total rank is 159"
125,G:HGNC:817,G:HGNC:814,"Meta path:['GTG', 'GMDMG'], rank is 1 and total rank is 14710"
126,G:HGNC:6190,G:HGNC:3387,"Meta path:['GPdPG'], rank is 8 and total rank is 41"
127,G:HGNC:12585,G:HGNC:12586,"Meta path:['GPdPG'], rank is 2 and total rank is 14"
128,G:HGNC:4635,G:HGNC:7064,"Meta path:['GPdPG'], rank is 1 and total rank is 12"
129,G:HGNC:9157,G:HGNC:18590,"Meta path:['GTG'], rank is 154 and total rank is 304"
130,G:HGNC:8592,G:HGNC:11842,"Meta path:['GPdPG'], rank is 1 and total rank is 27"
131,G:HGNC:13552,G:HGNC:13535,"Meta path:['GTG', 'GMDpDMG'], rank is 1 and total rank is 8427"
132,G:HGNC:24948,G:HGNC:14129,"Meta path:['GTG'], rank is 78 and total rank is 463"
133,G:HGNC:391,G:HGNC:22140,"Meta path:['GDpDG'], rank is 345 and total rank is 407"
134,G:HGNC:12587,G:HGNC:12590,"Meta path:['GPdPG'], rank is 2 and total rank is 14"
135,G:HGNC:7455,G:HGNC:7460,"Meta path:['GDG'], rank is 8 and total rank is 12"
136,G:HGNC:391,G:HGNC:8590,"Meta path:['GTG'], rank is 159 and total rank is 1217"
137,G:HGNC:811,G:HGNC:13211,"Meta path:['GTG'], rank is 8 and total rank is 415"
138,G:HGNC:9318,G:HGNC:25415,"Meta path:['GTG'], rank is 52 and total rank is 270"
139,G:HGNC:2730,G:HGNC:6193,"Meta path:['GPdPG'], rank is 9 and total rank is 45"
140,G:HGNC:9316,G:HGNC:9300,"Meta path:['GTG'], rank is 55 and total rank is 415"
141,G:HGNC:9299,G:HGNC:18583,"Meta path:['GTG'], rank is 121 and total rank is 518"
142,G:HGNC:16381,G:HGNC:9281,"Meta path:['GTG'], rank is 156 and total rank is 560"
143,G:HGNC:18367,G:HGNC:20449,"Meta path:['GPdPG'], rank is 1 and total rank is 6"
144,G:HGNC:9278,G:HGNC:9299,"Meta path:['GTG'], rank is 64 and total rank is 560"
145,G:HGNC:19342,G:HGNC:17827,"Meta path:['GTG'], rank is 3 and total rank is 246"
146,G:HGNC:9278,G:HGNC:9287,"Meta path:['GTG'], rank is 128 and total rank is 472"
147,G:HGNC:9316,G:HGNC:25415,"Meta path:['GTG'], rank is 28 and total rank is 385"
148,G:HGNC:2296,G:HGNC:2298,"Meta path:['GTG'], rank is 8 and total rank is 285"
149,G:HGNC:16637,G:HGNC:19978,"Meta path:['GTG'], rank is 251 and total rank is 401"
150,G:HGNC:2678,G:HGNC:25538,"Meta path:['GDpDG', 'GDpDpDG', 'GPdPG', 'GTG'], rank is 1 and total rank is 8"
151,G:HGNC:28526,G:HGNC:8127,"Meta path:['GTG'], rank is 231 and total rank is 472"
152,G:HGNC:391,G:HGNC:9407,"Meta path:['GDpDpDG', 'GTG'], rank is 56 and total rank is 5510"
153,G:HGNC:9381,G:HGNC:9395,"Meta path:['GTG', 'GMDMG'], rank is 19 and total rank is 14467"
154,G:HGNC:251,G:HGNC:252,"Meta path:['GPdPG', 'GTG'], rank is 5 and total rank is 125"
155,G:HGNC:12729,G:HGNC:12730,"Meta path:['GPdPG'], rank is 1 and total rank is 1"
156,G:HGNC:1461,G:HGNC:1463,"Meta path:['GTG'], rank is 1 and total rank is 528"
157,G:HGNC:3655,G:HGNC:6524,"Meta path:['GPdPG'], rank is 27 and total rank is 57"
158,G:HGNC:4123,G:HGNC:19877,"Meta path:['GTG'], rank is 14 and total rank is 316"
159,G:HGNC:9306,G:HGNC:9303,"Meta path:['GTG'], rank is 8 and total rank is 313"
160,G:HGNC:9381,G:HGNC:13480,"Meta path:['GPdPG'], rank is 2 and total rank is 38"
161,G:HGNC:19086,G:HGNC:14068,"Meta path:['GPdPG'], rank is 1 and total rank is 7"
162,G:HGNC:9157,G:HGNC:23492,"Meta path:['GMG'], rank is 3 and total rank is 188"
163,G:HGNC:5209,G:HGNC:16637,"Meta path:['GTG'], rank is 281 and total rank is 434"
164,G:HGNC:23242,G:HGNC:21531,"Meta path:['GTG'], rank is 4 and total rank is 242"
165,G:HGNC:18133,G:HGNC:9403,"Meta path:['GTG'], rank is 113 and total rank is 588"
166,G:HGNC:4125,G:HGNC:19873,"Meta path:['GTG', 'GMDMG'], rank is 8 and total rank is 6772"
167,G:HGNC:3655,G:HGNC:3955,"Meta path:['GPdPG'], rank is 6 and total rank is 43"
168,G:HGNC:18133,G:HGNC:9412,"Meta path:['GTG'], rank is 356 and total rank is 814"
169,G:HGNC:20785,G:HGNC:9322,"Meta path:['GTG'], rank is 267 and total rank is 487"
170,G:HGNC:9276,G:HGNC:9299,"Meta path:['GTG'], rank is 55 and total rank is 542"
171,G:HGNC:393,G:HGNC:13480,"Meta path:['GTG'], rank is 82 and total rank is 505"
172,G:HGNC:324,G:HGNC:20886,"Meta path:['GTG'], rank is 9 and total rank is 353"
173,G:HGNC:16890,G:HGNC:9287,"Meta path:['GTG'], rank is 193 and total rank is 453"
174,G:HGNC:18485,G:HGNC:26933,"Meta path:['GTG'], rank is 61 and total rank is 334"
175,G:HGNC:799,G:HGNC:801,"Meta path:['GDpDG', 'GDpDpDG', 'GPdPG', 'GTG', 'GMG'], rank is 1 and total rank is 1"
176,G:HGNC:9288,G:HGNC:9300,"Meta path:['GTG'], rank is 193 and total rank is 389"
177,G:HGNC:1461,G:HGNC:1470,"Meta path:['GPdPG'], rank is 2 and total rank is 37"
178,G:HGNC:9304,G:HGNC:30695,"Meta path:['GTG'], rank is 72 and total rank is 341"
179,G:HGNC:1133,G:HGNC:3655,"Meta path:['GPdPG'], rank is 8 and total rank is 42"
180,G:HGNC:29103,G:HGNC:814,"Meta path:['GTG'], rank is 40 and total rank is 539"
181,G:HGNC:19342,G:HGNC:23317,"Meta path:['GTG'], rank is 19 and total rank is 177"
182,G:HGNC:9288,G:HGNC:30695,"Meta path:['GMDMG'], rank is 348 and total rank is 5996"
183,G:HGNC:9031,G:HGNC:13414,"Meta path:['GPdPG', 'GTG'], rank is 1 and total rank is 49"
184,G:HGNC:8777,G:HGNC:8779,"Meta path:['GPdPG'], rank is 6 and total rank is 36"
185,G:HGNC:9204,G:HGNC:9206,"Meta path:['GTG'], rank is 1 and total rank is 343"
186,G:HGNC:17038,G:HGNC:15868,"Meta path:['GTG'], rank is 3 and total rank is 392"
187,G:HGNC:9407,G:HGNC:11408,"Meta path:['GTG'], rank is 103 and total rank is 758"
188,G:HGNC:6863,G:HGNC:11842,"Meta path:['GPdPG'], rank is 1 and total rank is 27"
189,G:HGNC:9314,G:HGNC:9287,"Meta path:['GTG'], rank is 161 and total rank is 559"
190,G:HGNC:9302,G:HGNC:9307,"Meta path:['GTG'], rank is 70 and total rank is 545"
191,G:HGNC:4127,G:HGNC:19877,"Meta path:['GTG'], rank is 3 and total rank is 235"
192,G:HGNC:8590,G:HGNC:18133,"Meta path:['GPdPG'], rank is 1 and total rank is 27"
193,G:HGNC:17,G:HGNC:9155,"Meta path:['GTG'], rank is 29 and total rank is 213"
194,G:HGNC:393,G:HGNC:6874,"Meta path:['GTG'], rank is 39 and total rank is 543"
195,G:HGNC:11408,G:HGNC:6874,"Meta path:['GTG'], rank is 74 and total rank is 729"
196,G:HGNC:4820,G:HGNC:4819,"Meta path:['GTG'], rank is 6 and total rank is 404"
197,G:HGNC:255,G:HGNC:250,"Meta path:['GTG'], rank is 4 and total rank is 279"
198,G:HGNC:11006,G:HGNC:4375,"Meta path:['GTG'], rank is 119 and total rank is 322"
199,G:HGNC:30513,G:HGNC:18043,"Meta path:['GMDMG'], rank is 906 and total rank is 2786"
200,G:HGNC:21205,G:HGNC:12420,"Meta path:['GTG'], rank is 134 and total rank is 357"
201,G:HGNC:18003,G:HGNC:6641,"Meta path:['GTG'], rank is 34 and total rank is 410"
202,G:HGNC:16178,G:HGNC:21365,"Meta path:['GMDMG'], rank is 2308 and total rank is 3363"
203,G:HGNC:13095,G:HGNC:30747,"Meta path:['GTG'], rank is 258 and total rank is 459"
204,G:HGNC:26887,G:HGNC:26784,"Meta path:['GDpDpDG'], rank is 2192 and total rank is 5825"
205,G:HGNC:25143,G:HGNC:6152,"Meta path:['GTG'], rank is 357 and total rank is 467"
206,G:HGNC:10576,G:HGNC:25527,"Meta path:['GMG'], rank is 7 and total rank is 261"
207,G:HGNC:18731,G:HGNC:9878,"Meta path:['GTG'], rank is 307 and total rank is 520"
208,G:HGNC:33258,G:HGNC:29889,"Meta path:['GMDpDMG'], rank is 298 and total rank is 3393"
209,G:HGNC:1717,G:HGNC:11388,"Meta path:['GTG'], rank is 216 and total rank is 544"
210,G:HGNC:33717,G:HGNC:15804,"Meta path:['GTG'], rank is 323 and total rank is 477"
211,G:HGNC:20951,G:HGNC:12984,"Meta path:['GTG'], rank is 46 and total rank is 398"
212,G:HGNC:5985,G:HGNC:30664,"Meta path:['GTG'], rank is 126 and total rank is 358"
213,G:HGNC:24911,G:HGNC:10773,"Meta path:['GTG'], rank is 147 and total rank is 456"
214,G:HGNC:9235,G:HGNC:701,"Meta path:['GTG'], rank is 298 and total rank is 931"
215,G:HGNC:29675,G:HGNC:29502,"Meta path:['GMG'], rank is 325 and total rank is 1494"
216,G:HGNC:23817,G:HGNC:29520,"Meta path:['GTG'], rank is 54 and total rank is 410"
217,G:HGNC:16157,G:HGNC:16798,"Meta path:['GMDMG'], rank is 904 and total rank is 2740"
218,G:HGNC:33864,G:HGNC:30782,"Meta path:['GTG'], rank is 227 and total rank is 442"
219,G:HGNC:18039,G:HGNC:1734,"Meta path:['GTG'], rank is 232 and total rank is 609"
220,G:HGNC:15714,G:HGNC:7380,"Meta path:['GTG'], rank is 280 and total rank is 450"
221,G:HGNC:29094,G:HGNC:11030,"Meta path:['GMDpDMG'], rank is 2464 and total rank is 4932"
222,G:HGNC:18358,G:HGNC:8473,"Meta path:['GTG'], rank is 48 and total rank is 287"
223,G:HGNC:32638,G:HGNC:52190,"Meta path:['GTG'], rank is 1 and total rank is 92"
224,G:HGNC:10064,G:HGNC:18037,"Meta path:['GTG'], rank is 213 and total rank is 400"
225,G:HGNC:30776,G:HGNC:30287,"Meta path:['GTG'], rank is 412 and total rank is 524"
226,G:HGNC:31894,G:HGNC:29075,"Meta path:['GTG'], rank is 3 and total rank is 113"
227,G:HGNC:6416,G:HGNC:12032,"Meta path:['GTG'], rank is 433 and total rank is 599"
228,G:HGNC:27501,G:HGNC:28130,"Meta path:['GTG'], rank is 216 and total rank is 399"
229,G:HGNC:543,G:HGNC:8752,"Meta path:['GTG'], rank is 219 and total rank is 480"
230,G:HGNC:16397,G:HGNC:10727,"Meta path:['GMDMG'], rank is 147 and total rank is 2632"
231,G:HGNC:15572,G:HGNC:17721,"Meta path:['GTG'], rank is 45 and total rank is 294"
232,G:HGNC:25820,G:HGNC:26790,"Meta path:['GMDpDMG'], rank is 400 and total rank is 4147"
233,G:HGNC:25049,G:HGNC:77,"Meta path:['GTG'], rank is 235 and total rank is 408"
234,G:HGNC:27030,G:HGNC:11447,"Meta path:['GTG'], rank is 174 and total rank is 413"
235,G:HGNC:44164,G:HGNC:24967,"Meta path:['GTG'], rank is 120 and total rank is 339"
236,G:HGNC:25557,G:HGNC:32484,"Meta path:['GTG'], rank is 155 and total rank is 335"
237,G:HGNC:9184,G:HGNC:9801,"Meta path:['GMG'], rank is 555 and total rank is 688"
238,G:HGNC:24252,G:HGNC:27892,"Meta path:['GMG'], rank is 25 and total rank is 276"
239,G:HGNC:12781,G:HGNC:20767,"Meta path:['GMG'], rank is 651 and total rank is 929"
240,G:HGNC:19441,G:HGNC:2093,"Meta path:['GTG'], rank is 310 and total rank is 457"
241,G:HGNC:26114,G:HGNC:4831,"Meta path:['GTG'], rank is 140 and total rank is 330"
242,G:HGNC:30941,G:HGNC:1620,"Meta path:['GTG'], rank is 301 and total rank is 556"
243,G:HGNC:28109,G:HGNC:6770,"Meta path:['GTG'], rank is 748 and total rank is 900"
244,G:HGNC:25517,G:HGNC:9240,"Meta path:['GTG'], rank is 294 and total rank is 461"
245,G:HGNC:26922,G:HGNC:9777,"Meta path:['GTG'], rank is 486 and total rank is 567"
246,G:HGNC:29587,G:HGNC:18420,"Meta path:['GTG'], rank is 138 and total rank is 418"
247,G:HGNC:31822,G:HGNC:28996,"Meta path:['GMDMG'], rank is 1210 and total rank is 2638"
248,G:HGNC:4392,G:HGNC:13158,"Meta path:['GTG'], rank is 239 and total rank is 509"
249,G:HGNC:13671,G:HGNC:14418,"Meta path:['GMDMG'], rank is 2525 and total rank is 3508"
250,G:HGNC:30290,G:HGNC:29120,"Meta path:['GTG'], rank is 55 and total rank is 305"
251,G:HGNC:14295,G:HGNC:3696,"Meta path:['GMG'], rank is 43 and total rank is 321"
252,G:HGNC:13172,G:HGNC:22048,"Meta path:['GTG'], rank is 116 and total rank is 428"
253,G:HGNC:10882,G:HGNC:21533,"Meta path:['GMDMG'], rank is 1685 and total rank is 2939"
254,G:HGNC:30951,G:HGNC:18458,"Meta path:['GMDpDMG'], rank is 48 and total rank is 5068"
255,G:HGNC:28592,G:HGNC:13887,"Meta path:['GMDMG'], rank is 3096 and total rank is 4095"
256,G:HGNC:3776,G:HGNC:16858,"Meta path:['GMG'], rank is 715 and total rank is 818"
257,G:HGNC:28898,G:HGNC:8148,"Meta path:['GMDMG'], rank is 1809 and total rank is 3224"
258,G:HGNC:2742,G:HGNC:19682,"Meta path:['GTG'], rank is 78 and total rank is 485"
259,G:HGNC:464,G:HGNC:9952,"Meta path:['GTG'], rank is 146 and total rank is 325"
260,G:HGNC:29183,G:HGNC:29442,"Meta path:['GMG'], rank is 153 and total rank is 538"
261,G:HGNC:12953,G:HGNC:3587,"Meta path:['GTG'], rank is 105 and total rank is 367"
262,G:HGNC:28734,G:HGNC:14244,"Meta path:['GTG'], rank is 172 and total rank is 441"
263,G:HGNC:6218,G:HGNC:12478,"Meta path:['GTG'], rank is 479 and total rank is 586"
264,G:HGNC:25514,G:HGNC:14210,"Meta path:['GMDMG'], rank is 827 and total rank is 3950"
265,G:HGNC:25110,G:HGNC:15646,"Meta path:['GTG'], rank is 148 and total rank is 421"
266,G:HGNC:16721,G:HGNC:17147,"Meta path:['GTG'], rank is 134 and total rank is 366"
267,G:HGNC:29305,G:HGNC:9866,"Meta path:['GTG'], rank is 426 and total rank is 652"
268,G:HGNC:24880,G:HGNC:29607,"Meta path:['GTG'], rank is 335 and total rank is 467"
269,G:HGNC:18698,G:HGNC:16501,"Meta path:['GTG'], rank is 199 and total rank is 464"
270,G:HGNC:32128,G:HGNC:1486,"Meta path:['GTG'], rank is 39 and total rank is 195"
271,G:HGNC:5424,G:HGNC:30087,"Meta path:['GMG'], rank is 119 and total rank is 421"
272,G:HGNC:6925,G:HGNC:6128,"Meta path:['GTG'], rank is 130 and total rank is 399"
273,G:HGNC:11697,G:HGNC:8982,"Meta path:['GTG'], rank is 367 and total rank is 467"
274,G:HGNC:25599,G:HGNC:20709,"Meta path:['GTG'], rank is 171 and total rank is 363"
275,G:HGNC:24703,G:HGNC:16861,"Meta path:['GMG'], rank is 21 and total rank is 284"
276,G:HGNC:8136,G:HGNC:23706,"Meta path:['GTG'], rank is 79 and total rank is 327"
277,G:HGNC:1487,G:HGNC:15680,"Meta path:['GTG'], rank is 139 and total rank is 337"
278,G:HGNC:16682,G:HGNC:21785,"Meta path:['GTG'], rank is 208 and total rank is 458"
279,G:HGNC:25557,G:HGNC:2697,"Meta path:['GTG'], rank is 245 and total rank is 415"
280,G:HGNC:5744,G:HGNC:8600,"Meta path:['GTG'], rank is 76 and total rank is 279"
281,G:HGNC:28916,G:HGNC:866,"Meta path:['GTG'], rank is 344 and total rank is 473"
282,G:HGNC:14133,G:HGNC:14562,"Meta path:['GTG'], rank is 190 and total rank is 380"
283,G:HGNC:28439,G:HGNC:20407,"Meta path:['GTG'], rank is 162 and total rank is 347"
284,G:HGNC:7190,G:HGNC:30207,"Meta path:['GTG'], rank is 57 and total rank is 315"
285,G:HGNC:24513,G:HGNC:19846,"Meta path:['GTG'], rank is 17 and total rank is 134"
286,G:HGNC:24201,G:HGNC:11557,"Meta path:['GTG'], rank is 135 and total rank is 374"
287,G:HGNC:28145,G:HGNC:935,"Meta path:['GTG'], rank is 313 and total rank is 522"
288,G:HGNC:5033,G:HGNC:14193,"Meta path:['GTG'], rank is 187 and total rank is 580"
289,G:HGNC:3493,G:HGNC:1100,"Meta path:['GMG'], rank is 207 and total rank is 528"
290,G:HGNC:13179,G:HGNC:16267,"Meta path:['GMDMG'], rank is 2197 and total rank is 3249"
291,G:HGNC:2380,G:HGNC:18417,"Meta path:['GMG'], rank is 50 and total rank is 330"
292,G:HGNC:27056,G:HGNC:21143,"Meta path:['GTG'], rank is 178 and total rank is 419"
293,G:HGNC:32205,G:HGNC:2663,"Meta path:['GMG'], rank is 4 and total rank is 207"
294,G:HGNC:32574,G:HGNC:21218,"Meta path:['GMDMG'], rank is 1875 and total rank is 2473"
295,G:HGNC:38,G:HGNC:37283,"Meta path:['GTG'], rank is 75 and total rank is 276"
296,G:HGNC:38831,G:HGNC:9719,"Meta path:['GTG'], rank is 179 and total rank is 401"
297,G:HGNC:28209,G:HGNC:11119,"Meta path:['GTG'], rank is 390 and total rank is 569"
298,G:HGNC:30491,G:HGNC:2538,"Meta path:['GMDMG'], rank is 2535 and total rank is 3347"
299,G:HGNC:23298,G:HGNC:15965,"Meta path:['GTG'], rank is 175 and total rank is 377"
300,G:HGNC:29024,G:HGNC:6812,"Meta path:['GTG'], rank is 21 and total rank is 297"
301,G:HGNC:26181,G:HGNC:25826,"Meta path:['GMG'], rank is 295 and total rank is 624"
302,G:HGNC:11094,G:HGNC:19098,"Meta path:['GTG'], rank is 409 and total rank is 627"
303,G:HGNC:28363,G:HGNC:19651,"Meta path:['GTG'], rank is 106 and total rank is 343"
304,G:HGNC:15503,G:HGNC:22923,"Meta path:['GTG'], rank is 56 and total rank is 293"
305,G:HGNC:12698,G:HGNC:9883,"Meta path:['GTG'], rank is 234 and total rank is 529"
306,G:HGNC:17966,G:HGNC:20672,"Meta path:['GTG'], rank is 272 and total rank is 433"
307,G:HGNC:28961,G:HGNC:24058,"Meta path:['GTG'], rank is 105 and total rank is 371"
308,G:HGNC:17648,G:HGNC:3155,"Meta path:['GMDMG'], rank is 1317 and total rank is 2451"
309,G:HGNC:808,G:HGNC:34006,"Meta path:['GMDpDMG'], rank is 869 and total rank is 4961"
310,G:HGNC:87,G:HGNC:30532,"Meta path:['GMDMG'], rank is 2898 and total rank is 3759"
311,G:HGNC:28915,G:HGNC:22224,"Meta path:['GMG'], rank is 27 and total rank is 303"
312,G:HGNC:14666,G:HGNC:21608,"Meta path:['GTG'], rank is 99 and total rank is 326"
313,G:HGNC:19760,G:HGNC:18264,"Meta path:['GTG'], rank is 266 and total rank is 435"
314,G:HGNC:19024,G:HGNC:13165,"Meta path:['GTG'], rank is 67 and total rank is 312"
315,G:HGNC:29818,G:HGNC:19661,"Meta path:['GTG'], rank is 172 and total rank is 431"
316,G:HGNC:2891,G:HGNC:10418,"Meta path:['GTG'], rank is 458 and total rank is 538"
317,G:HGNC:34423,G:HGNC:9767,"Meta path:['GTG'], rank is 261 and total rank is 436"
318,G:HGNC:2908,G:HGNC:26916,"Meta path:['GTG'], rank is 472 and total rank is 546"
319,G:HGNC:16673,G:HGNC:14937,"Meta path:['GMDMG'], rank is 404 and total rank is 6409"
320,G:HGNC:3208,G:HGNC:24859,"Meta path:['GTG'], rank is 214 and total rank is 415"
321,G:HGNC:17082,G:HGNC:23069,"Meta path:['GTG'], rank is 199 and total rank is 481"
322,G:HGNC:12031,G:HGNC:553,"Meta path:['GTG'], rank is 153 and total rank is 427"
323,G:HGNC:23366,G:HGNC:4480,"Meta path:['GTG'], rank is 129 and total rank is 380"
324,G:HGNC:20980,G:HGNC:29656,"Meta path:['GMDMG'], rank is 275 and total rank is 3076"
325,G:HGNC:9580,G:HGNC:2254,"Meta path:['GTG'], rank is 167 and total rank is 532"
326,G:HGNC:9632,G:HGNC:8904,"Meta path:['GMDpDMG'], rank is 881 and total rank is 4196"
327,G:HGNC:845,G:HGNC:3972,"Meta path:['GTG'], rank is 214 and total rank is 410"
328,G:HGNC:6810,G:HGNC:28743,"Meta path:['GMDMG'], rank is 1419 and total rank is 3127"
329,G:HGNC:2720,G:HGNC:10642,"Meta path:['GMDMG'], rank is 1357 and total rank is 2842"
330,G:HGNC:492,G:HGNC:8092,"Meta path:['GTG'], rank is 329 and total rank is 480"
331,G:HGNC:6953,G:HGNC:20208,"Meta path:['GTG'], rank is 264 and total rank is 432"
332,G:HGNC:52246,G:HGNC:26818,"Meta path:['GTG'], rank is 28 and total rank is 173"
333,G:HGNC:24908,G:HGNC:10889,"Meta path:['GTG'], rank is 381 and total rank is 518"
334,G:HGNC:14852,G:HGNC:18725,"Meta path:['GTG'], rank is 32 and total rank is 228"
335,G:HGNC:29513,G:HGNC:4453,"Meta path:['GMDMG'], rank is 2261 and total rank is 3207"
336,G:HGNC:20293,G:HGNC:16703,"Meta path:['GTG'], rank is 70 and total rank is 206"
337,G:HGNC:28987,G:HGNC:4399,"Meta path:['GTG'], rank is 415 and total rank is 685"
338,G:HGNC:25502,G:HGNC:9223,"Meta path:['GMDMG'], rank is 2174 and total rank is 3164"
339,G:HGNC:28280,G:HGNC:19027,"Meta path:['GMDpDMG'], rank is 2012 and total rank is 5333"
340,G:HGNC:3433,G:HGNC:26089,"Meta path:['GTG'], rank is 304 and total rank is 529"
341,G:HGNC:28977,G:HGNC:28675,"Meta path:['GMDpDMG'], rank is 141 and total rank is 4309"
342,G:HGNC:13221,G:HGNC:25097,"Meta path:['GTG'], rank is 308 and total rank is 499"
343,G:HGNC:12787,G:HGNC:21204,"Meta path:['GTG'], rank is 235 and total rank is 468"
344,G:HGNC:9813,G:HGNC:27845,"Meta path:['GTG'], rank is 221 and total rank is 497"
345,G:HGNC:21165,G:HGNC:18260,"Meta path:['GTG'], rank is 137 and total rank is 467"
346,G:HGNC:25594,G:HGNC:21735,"Meta path:['GTG'], rank is 46 and total rank is 448"
347,G:HGNC:29536,G:HGNC:490,"Meta path:['GTG'], rank is 65 and total rank is 321"
348,G:HGNC:8739,G:HGNC:11758,"Meta path:['GMG'], rank is 32 and total rank is 344"
349,G:HGNC:21483,G:HGNC:28844,"Meta path:['GMDMG'], rank is 345 and total rank is 2067"
350,G:HGNC:16610,G:HGNC:6441,"Meta path:['GTG'], rank is 125 and total rank is 341"
351,G:HGNC:28975,G:HGNC:31823,"Meta path:['GTG'], rank is 98 and total rank is 435"
352,G:HGNC:10875,G:HGNC:1750,"Meta path:['GTG'], rank is 251 and total rank is 423"
353,G:HGNC:11422,G:HGNC:8017,"Meta path:['GTG'], rank is 133 and total rank is 354"
354,G:HGNC:21647,G:HGNC:28685,"Meta path:['GMDMG'], rank is 3298 and total rank is 4143"
355,G:HGNC:26508,G:HGNC:28801,"Meta path:['GTG'], rank is 7 and total rank is 208"
356,G:HGNC:21000,G:HGNC:10683,"Meta path:['GTG'], rank is 45 and total rank is 194"
357,G:HGNC:1632,G:HGNC:14280,"Meta path:['GTG'], rank is 199 and total rank is 385"
358,G:HGNC:28033,G:HGNC:25917,"Meta path:['GTG'], rank is 66 and total rank is 324"
359,G:HGNC:17556,G:HGNC:30382,"Meta path:['GMDMG'], rank is 3788 and total rank is 3974"
360,G:HGNC:11026,G:HGNC:35459,"Meta path:['GMDMG'], rank is 1955 and total rank is 2873"
361,G:HGNC:17379,G:HGNC:19719,"Meta path:['GTG'], rank is 114 and total rank is 411"
362,G:HGNC:21637,G:HGNC:14370,"Meta path:['GTG'], rank is 342 and total rank is 519"
363,G:HGNC:30423,G:HGNC:24993,"Meta path:['GTG'], rank is 211 and total rank is 413"
364,G:HGNC:31762,G:HGNC:4449,"Meta path:['GTG'], rank is 284 and total rank is 448"
365,G:HGNC:21637,G:HGNC:23801,"Meta path:['GMG'], rank is 814 and total rank is 956"
366,G:HGNC:14966,G:HGNC:25151,"Meta path:['GDpDG', 'GTG'], rank is 152 and total rank is 460"
367,G:HGNC:28483,G:HGNC:28539,"Meta path:['GTG'], rank is 63 and total rank is 294"
368,G:HGNC:11879,G:HGNC:12479,"Meta path:['GTG'], rank is 132 and total rank is 372"
369,G:HGNC:6003,G:HGNC:10914,"Meta path:['GTG'], rank is 65 and total rank is 332"
370,G:HGNC:24659,G:HGNC:2914,"Meta path:['GTG'], rank is 428 and total rank is 539"
371,G:HGNC:2555,G:HGNC:5004,"Meta path:['GDpDG'], rank is 259 and total rank is 381"
372,G:HGNC:11536,G:HGNC:17997,"Meta path:['GDpDG'], rank is 502 and total rank is 586"
373,G:HGNC:31641,G:HGNC:11486,"Meta path:['GTG'], rank is 369 and total rank is 574"
374,G:HGNC:13090,G:HGNC:7954,"Meta path:['GTG'], rank is 109 and total rank is 343"
375,G:HGNC:20796,G:HGNC:6121,"Meta path:['GMG'], rank is 334 and total rank is 624"
376,G:HGNC:10288,G:HGNC:28492,"Meta path:['GTG'], rank is 64 and total rank is 344"
377,G:HGNC:26098,G:HGNC:3573,"Meta path:['GTG'], rank is 491 and total rank is 577"
378,G:HGNC:27801,G:HGNC:26036,"Meta path:['GTG'], rank is 45 and total rank is 309"
379,G:HGNC:15888,G:HGNC:26428,"Meta path:['GTG'], rank is 121 and total rank is 451"
380,G:HGNC:25055,G:HGNC:19262,"Meta path:['GMDMG'], rank is 441 and total rank is 2282"
381,G:HGNC:20429,G:HGNC:29413,"Meta path:['GMDpDMG'], rank is 64 and total rank is 3766"
382,G:HGNC:25598,G:HGNC:23706,"Meta path:['GTG'], rank is 65 and total rank is 276"
383,G:HGNC:16239,G:HGNC:17169,"Meta path:['GMG'], rank is 29 and total rank is 242"
384,G:HGNC:20489,G:HGNC:132,"Meta path:['GMDMG'], rank is 5251 and total rank is 5882"
385,G:HGNC:7871,G:HGNC:12422,"Meta path:['GTG'], rank is 339 and total rank is 496"
386,G:HGNC:3481,G:HGNC:31399,"Meta path:['GMDMG'], rank is 1198 and total rank is 2244"
387,G:HGNC:6649,G:HGNC:19195,"Meta path:['GTG'], rank is 74 and total rank is 251"
388,G:HGNC:6727,G:HGNC:1393,"Meta path:['GTG'], rank is 127 and total rank is 308"
389,G:HGNC:13861,G:HGNC:4380,"Meta path:['GTG'], rank is 197 and total rank is 449"
390,G:HGNC:25405,G:HGNC:25577,"Meta path:['GMDMG'], rank is 1318 and total rank is 2874"
391,G:HGNC:26709,G:HGNC:21384,"Meta path:['GTG'], rank is 44 and total rank is 376"
392,G:HGNC:31708,G:HGNC:6526,"Meta path:['GMDMG'], rank is 2048 and total rank is 2858"
393,G:HGNC:711,G:HGNC:21931,"Meta path:['GTG'], rank is 579 and total rank is 646"
394,G:HGNC:31839,G:HGNC:7134,"Meta path:['GTG'], rank is 68 and total rank is 471"
